{
  "manifest": {
    "apis": {
      "custom": {
        "endpoint": {
          "uri": "arn:aws:lambda:us-east-1:449084109953:function:8952c1bb-4b66-409f-ab56-b352c6470d37:Release_0"
        },
        "interfaces": [],
        "regions": {
          "NA": {
            "endpoint": {
              "uri": "arn:aws:lambda:us-east-1:449084109953:function:8952c1bb-4b66-409f-ab56-b352c6470d37:Release_0"
            }
          },
          "EU": {
            "endpoint": {
              "uri": "arn:aws:lambda:eu-west-1:449084109953:function:8952c1bb-4b66-409f-ab56-b352c6470d37:Release_0"
            }
          },
          "FE": {
            "endpoint": {
              "uri": "arn:aws:lambda:us-west-2:449084109953:function:8952c1bb-4b66-409f-ab56-b352c6470d37:Release_0"
            }
          }
        }
      }
    },
    "manifestVersion": "1.0",
    "publishingInformation": {
      "category": "KNOWLEDGE_AND_TRIVIA",
      "distributionCountries": [],
      "isAvailableWorldwide": true,
      "locales": {
        "en-GB": {
          "name": "Academic Support Advisors at SHU"
        }
      },
      "testingInstructions": "Sample Testing Instructions."
    }
  }
}