{
  "interactionModel": {
    "languageModel": {
      "invocationName": "support shu",
      "intents": [
        {
          "name": "AMAZON.CancelIntent",
          "samples": []
        },
        {
          "name": "AMAZON.HelpIntent",
          "samples": []
        },
        {
          "name": "AMAZON.StopIntent",
          "samples": []
        },
        {
          "name": "AMAZON.NavigateHomeIntent",
          "samples": []
        },
        {
          "name": "HelloWorldIntent",
          "slots": [],
          "samples": [
            "hello",
            "how are you",
            "say hi world",
            "say hi",
            "hi",
            "say hello world",
            "say hello"
          ]
        },
        {
          "name": "AMAZON.FallbackIntent",
          "samples": []
        },
        {
          "name": "AppointmentIntent",
          "slots": [],
          "samples": [
            "book appointment",
            "can i an book appointment ",
            "appointment "
          ]
        },
        {
          "name": "CaptureStaffIntent",
          "slots": [],
          "samples": [
            "Matthew",
            "With Matthew"
          ]
        },
        {
          "name": "DateIntent",
          "slots": [],
          "samples": [
            "Appointment with Matthew",
            "Book appointment with Matthew  "
          ]
        },
        {
          "name": "CancelledIntent",
          "slots": [],
          "samples": [
            "cancel appointment",
            "Cancel my appointment this week"
          ]
        },
        {
          "name": "ClearAllIntent",
          "slots": [],
          "samples": [
            "clear appointments",
            "clear all appointments"
          ]
        }
      ],
      "types": []
    }
  },
  "version": "38"
}